remote_addr,time_local,request,status,body_bytes_sent,http_referer,http_x_forwarded_for,request_time,msec,http_user_agent
"188.132.143.81","23/Dec/2024:00:00:12 +0300","GET /resim/urun/202406/6665fb2a929df7.57363509_higplmeokfqnj_200.webp HTTP/1.1","304","0","https://www.incehesap.com/combatry-hazir-sistem-fiyati-62372/?utm_campaign=lutfikaraca&utm_medium=influencer&utm_source=youtube&utm_term=23.01.2024-synthetix-hazir-sistem-","188.132.143.81","0.000","1734901212.456","Mozilla/5.0 (iPhone; CPU iPhone OS 18_0_1 like Mac OS X) AppleWebKit/605.1.15 (KHTML, like Gecko) Version/18.0.1 Mobile/15E148 Safari/604.1"
"85.107.28.45","23/Dec/2024:00:00:12 +0300","POST /ajax/impressions.php HTTP/1.1","200","47","https://www.incehesap.com/winorwin-hazir-sistem-fiyati-37446/?hsu=289,1105931,326510,292,404004,297","85.107.28.45","0.030","1734901212.482","Mozilla/5.0 (iPhone; CPU iPhone OS 17_6_1 like Mac OS X) AppleWebKit/605.1.15 (KHTML, like Gecko) Version/17.6 Mobile/15E148 Safari/604.1"
"212.68.46.55","23/Dec/2024:00:00:12 +0300","GET /acer_notebook-fiyatlari/ HTTP/1.1","200","43434","-","212.68.46.55","0.392","1734901212.528","Mozilla/5.0 (Windows NT 10.0; Win64; x64) AppleWebKit/537.36 (KHTML, like Gecko) Chrome/58.0.3029.110 Safari/537.3"
"85.110.39.218","23/Dec/2024:00:00:12 +0300","GET /favicon.ico HTTP/1.1","200","1150","https://www.incehesap.com/blog/instagram-gizli-hesap-gorme-2024/?srsltid=AfmBOooES4rFEpQ0sbpcEe4P9BS9NolgnSD3CAq2rt4z_nUHJJPV8zAp","85.110.39.218","0.000","1734901212.579","Mozilla/5.0 (iPhone; CPU iPhone OS 18_1_1 like Mac OS X) AppleWebKit/605.1.15 (KHTML, like Gecko) Version/18.1.1 Mobile/15E148 Safari/604.1"
"31.155.192.83","23/Dec/2024:00:00:12 +0300","GET /resim/urun/202401/65b896b52e37c0.19556125_mepiqgfnokhjl_200.webp HTTP/1.1","304","0","https://www.incehesap.com/ekran-karti-fiyatlari/ozellik-38882/sayfa-4/","31.155.192.83","0.000","1734901212.671","Mozilla/5.0 (Windows NT 10.0; Win64; x64) AppleWebKit/537.36 (KHTML, like Gecko) Chrome/109.0.0.0 Safari/537.36"
"43.229.11.94","23/Dec/2024:00:00:12 +0300","GET /kingston-valueram-kvr13n9s6-2-fiyati-34521/ HTTP/1.1","200","43718","-","43.229.11.94","0.789","1734901212.691","Mozilla/5.0 (Windows NT 10.0; Win64; x64) AppleWebKit/537.36 (KHTML, like Gecko) Chrome/120.0.0.0 Safari/537.36"
"31.155.192.83","23/Dec/2024:00:00:12 +0300","GET /resim/urun/202310/6526a9a31f2345.93339400_holjpnfgmqeik_200.webp HTTP/1.1","304","0","https://www.incehesap.com/ekran-karti-fiyatlari/ozellik-38882/sayfa-4/","31.155.192.83","0.000","1734901212.791","Mozilla/5.0 (Windows NT 10.0; Win64; x64) AppleWebKit/537.36 (KHTML, like Gecko) Chrome/109.0.0.0 Safari/537.36"
"31.155.192.83","23/Dec/2024:00:00:12 +0300","GET /resim/urun/202405/6655e371cd44f5.67134272_qikoflepgmhnj_200.webp HTTP/1.1","304","0","https://www.incehesap.com/ekran-karti-fiyatlari/ozellik-38882/sayfa-4/","31.155.192.83","0.000","1734901212.793","Mozilla/5.0 (Windows NT 10.0; Win64; x64) AppleWebKit/537.36 (KHTML, like Gecko) Chrome/109.0.0.0 Safari/537.36"
"31.155.192.83","23/Dec/2024:00:00:12 +0300","GET /resim/urun/202307/64a2d8dd3f0cd4.80683474_nlpmohjfgkiqe_200.webp HTTP/1.1","304","0","https://www.incehesap.com/ekran-karti-fiyatlari/ozellik-38882/sayfa-4/","31.155.192.83","0.000","1734901212.795","Mozilla/5.0 (Windows NT 10.0; Win64; x64) AppleWebKit/537.36 (KHTML, like Gecko) Chrome/109.0.0.0 Safari/537.36"
"31.155.192.83","23/Dec/2024:00:00:12 +0300","GET /resim/urun/202402/65d33ddfbb0b21.02434555_gfkhnjopilqme_200.webp HTTP/1.1","304","0","https://www.incehesap.com/ekran-karti-fiyatlari/ozellik-38882/sayfa-4/","31.155.192.83","0.000","1734901212.803","Mozilla/5.0 (Windows NT 10.0; Win64; x64) AppleWebKit/537.36 (KHTML, like Gecko) Chrome/109.0.0.0 Safari/537.36"
"31.155.192.83","23/Dec/2024:00:00:12 +0300","GET /resim/urun/202402/65d5bfd12bac56.58992077_lkefmnjihoqpg_200.webp HTTP/1.1","304","0","https://www.incehesap.com/ekran-karti-fiyatlari/ozellik-38882/sayfa-4/","31.155.192.83","0.000","1734901212.822","Mozilla/5.0 (Windows NT 10.0; Win64; x64) AppleWebKit/537.36 (KHTML, like Gecko) Chrome/109.0.0.0 Safari/537.36"
"94.120.75.171","23/Dec/2024:00:00:12 +0300","GET /resim/blog2/2023-03/Wq7eB2DuYvGno7HkEDyqCR1loocoGgMmCk7dZHju_360.jpg HTTP/1.1","304","0","https://www.incehesap.com/blog/konu/gta-5/","94.120.75.171","0.000","1734901212.924","Mozilla/5.0 (X11; Linux x86_64) AppleWebKit/537.36 (KHTML, like Gecko) Chrome/131.0.0.0 Safari/537.36"
"217.119.134.224","23/Dec/2024:00:00:12 +0300","POST /ajax/impressions.php HTTP/1.1","200","47","https://www.incehesap.com/","217.119.134.224","0.017","1734901212.925","Mozilla/5.0 (Macintosh; Intel Mac OS X 10_15_7) AppleWebKit/605.1.15 (KHTML, like Gecko) Version/18.1.1 Safari/605.1.15"
"176.41.54.222","23/Dec/2024:00:00:12 +0300","POST /ajax/urun_log.php HTTP/1.1","200","38","https://www.incehesap.com/runadia-pbm-hazir-sistem-fiyati-69564/","176.41.54.222","0.020","1734901212.933","Mozilla/5.0 (iPhone; CPU iPhone OS 18_1_1 like Mac OS X) AppleWebKit/605.1.15 (KHTML, like Gecko) CriOS/131.0.6778.154 Mobile/15E148 Safari/604.1"
"85.153.229.223","23/Dec/2024:00:00:12 +0300","GET /sony-playstation-5-dijital-d-kasa-oyun-konsolu-fiyati-76367/ HTTP/1.1","200","40473","https://www.incehesap.com/oyun-konsollari-fiyatlari/","85.153.229.223","0.666","1734901212.949","Mozilla/5.0 (Linux; Android 10; K) AppleWebKit/537.36 (KHTML, like Gecko) Chrome/131.0.0.0 Mobile Safari/537.36"
"46.2.171.202","23/Dec/2024:00:00:12 +0300","POST /ajax/urun_log.php HTTP/1.1","200","38","https://www.incehesap.com/msi-g2412f-23-8-1ms-180hz-adaptive-sync-ips-full-hd-gaming-oyuncu-monitor-fiyati-71448/","46.2.171.202","0.020","1734901212.951","Mozilla/5.0 (iPhone; CPU iPhone OS 18_2 like Mac OS X) AppleWebKit/605.1.15 (KHTML, like Gecko) Version/18.2 Mobile/15E148 Safari/604.1"
"98.84.131.195","23/Dec/2024:00:00:12 +0300","GET /klavye-fiyatlari/?srsltid=afmboopcsy9dlls2dgoxejhtknrr0i7uj0vtjybrar--lhqsp09twknb/sayfa-5/sayfa-6/sayfa-7/sayfa-5/sayfa-9/sayfa-8/sayfa-5/sayfa-2/ HTTP/1.1","200","50636","-","98.84.131.195","0.314","1734901212.970","Mozilla/5.0 AppleWebKit/537.36 (KHTML, like Gecko; compatible; Amazonbot/0.1; +https://developer.amazon.com/support/amazonbot) Chrome/119.0.6045.214 Safari/537.36"
"2a02:ff0:3316:606f:302f:3b7b:ed35:7691","23/Dec/2024:00:00:13 +0300","POST /ajax/sepete-at.php HTTP/1.1","200","189","https://www.incehesap.com/redragon-k617-fizz-rgb-red-switch-kablolu-klavye-fiyati-67720/","2a02:ff0:3316:606f:302f:3b7b:ed35:7691","0.382","1734901213.016","Mozilla/5.0 (Windows NT 10.0; Win64; x64) AppleWebKit/537.36 (KHTML, like Gecko) Chrome/131.0.0.0 Safari/537.36"
"94.120.75.171","23/Dec/2024:00:00:13 +0300","GET /resim/blog2/2023-03/sYMe7FXncXjAyQpkFd7B4aIbI3vafbgHG1MLsHmN_360.jpg HTTP/1.1","304","0","https://www.incehesap.com/blog/konu/gta-5/","94.120.75.171","0.000","1734901213.089","Mozilla/5.0 (X11; Linux x86_64) AppleWebKit/537.36 (KHTML, like Gecko) Chrome/131.0.0.0 Safari/537.36"
"46.196.193.29","23/Dec/2024:00:00:13 +0300","POST /ajax/impressions.php HTTP/1.1","200","47","https://www.incehesap.com/hazir-sistemler-fiyatlari/","46.196.193.29","0.030","1734901213.132","Mozilla/5.0 (Linux; Android 10; K) AppleWebKit/537.36 (KHTML, like Gecko) Chrome/131.0.0.0 Mobile Safari/537.36"
"85.153.229.223","23/Dec/2024:00:00:13 +0300","POST /ajax/impressions.php HTTP/1.1","200","47","https://www.incehesap.com/oyun-konsollari-fiyatlari/","85.153.229.223","0.013","1734901213.133","Mozilla/5.0 (Linux; Android 10; K) AppleWebKit/537.36 (KHTML, like Gecko) Chrome/131.0.0.0 Mobile Safari/537.36"
"95.13.0.172","23/Dec/2024:00:00:13 +0300","POST /ajax/impressions.php HTTP/1.1","200","47","https://www.incehesap.com/gaming-kulaklik-fiyatlari/sayfa-3/","95.13.0.172","0.013","1734901213.196","Mozilla/5.0 (Windows NT 10.0; Win64; x64) AppleWebKit/537.36 (KHTML, like Gecko) Chrome/130.0.0.0 Safari/537.36 OPR/115.0.0.0"
"94.55.168.235","23/Dec/2024:00:00:13 +0300","GET /thanatos-v2-hazir-sistem-fiyati-42947/ HTTP/1.1","200","54960","https://www.incehesap.com/hazir-sistemler-fiyatlari/","94.55.168.235","0.909","1734901213.208","Mozilla/5.0 (iPhone; CPU iPhone OS 18_1 like Mac OS X) AppleWebKit/605.1.15 (KHTML, like Gecko) Version/18.1 Mobile/15E148 Safari/604.1"
"88.230.86.109","23/Dec/2024:00:00:13 +0300","GET /resim/urun/202305/64550f40c64bb6.03827254_jeqklihgpfnmo.webp HTTP/1.1","304","0","https://www.incehesap.com/team-t-force-delta-rgb-32gb2x16gb-7800mhz-ddr5-ram-ff4d532g7800hc38ddc01-fiyati-62742/?srsltid=AfmBOorI_aeFka3a4ybmpLu4D_u11qeih9ve6VDVwTjnZAlzOD7AmfuLbTM","88.230.86.109","0.000","1734901213.214","Mozilla/5.0 (Linux; Android 10; K) AppleWebKit/537.36 (KHTML, like Gecko) Chrome/131.0.0.0 Mobile Safari/537.36"
"78.180.49.137","23/Dec/2024:00:00:13 +0300","POST /ajax/impressions.php HTTP/1.1","200","47","https://www.incehesap.com/uye/sepet.php","78.180.49.137","0.032","1734901213.305","Mozilla/5.0 (Linux; Android 10; K) AppleWebKit/537.36 (KHTML, like Gecko) Chrome/131.0.0.0 Mobile Safari/537.36"
"45.67.0.79","23/Dec/2024:00:00:13 +0300","GET /lenovo-v510-80wq01sdtx-notebook-fiyati-35507/ HTTP/1.1","200","43438","-","45.67.0.79","0.736","1734901213.307","Mozilla/5.0 (Windows NT 10.0; Win64; x64) AppleWebKit/537.36 (KHTML, like Gecko) Chrome/120.0.0.0 Safari/537.36"
"85.153.229.223","23/Dec/2024:00:00:13 +0300","GET /resim/urun/202411/673edf08609e47.65688537_qgfmohiejlpnk_500.webp HTTP/1.1","304","0","https://www.incehesap.com/sony-playstation-5-dijital-d-kasa-oyun-konsolu-fiyati-76367/","85.153.229.223","0.000","1734901213.325","Mozilla/5.0 (Linux; Android 10; K) AppleWebKit/537.36 (KHTML, like Gecko) Chrome/131.0.0.0 Mobile Safari/537.36"
"176.234.134.81","23/Dec/2024:00:00:13 +0300","GET /resim/urun/202408/66c8a866f1b7d2.30679815_qmiefhkjonlpg_75.webp HTTP/1.1","304","0","https://www.incehesap.com/oyun-bilgisayari-toplama/?p=69846-1_61098-1_75649-1_73304-1_65372-1_47076-1","176.234.134.81","0.000","1734901213.354","Mozilla/5.0 (Windows NT 10.0; Win64; x64) AppleWebKit/537.36 (KHTML, like Gecko) Chrome/131.0.0.0 Safari/537.36"
"176.41.54.222","23/Dec/2024:00:00:13 +0300","GET /ajax/menu.php HTTP/1.1","200","284055","https://www.incehesap.com/runadia-pbm-hazir-sistem-fiyati-69564/","176.41.54.222","0.420","1734901213.364","Mozilla/5.0 (iPhone; CPU iPhone OS 18_1_1 like Mac OS X) AppleWebKit/605.1.15 (KHTML, like Gecko) CriOS/131.0.6778.154 Mobile/15E148 Safari/604.1"
"46.1.3.64","23/Dec/2024:00:00:13 +0300","GET /resim/urun/202301/63ce4ccf8120c0.34903663_khmonepfqijlg_500.webp HTTP/1.1","304","0","https://www.incehesap.com/team-t-force-vulcan-flrd532g6400hc40bdc01-32gb-ddr5-6400mhz-gaming-ram-fiyati-61053/","46.1.3.64","0.000","1734901213.375","Mozilla/5.0 (Linux; Android 12; Mi Note 10 Lite Build/SKQ1.210908.001; wv) AppleWebKit/537.36 (KHTML, like Gecko) Version/4.0 Chrome/131.0.6778.200 Mobile Safari/537.36 Instagram 361.0.0.46.88 Android (31/12; 440dpi; 1080x2138; Xiaomi; Mi Note 10 Lite; toco; qcom; tr_TR; 674675147)"
"46.1.3.64","23/Dec/2024:00:00:13 +0300","GET /team-t-force-vulcan-flrd532g6400hc40bdc01-32gb-ddr5-6400mhz-gaming-ram-fiyati-61053/ HTTP/1.1","200","50463","https://www.incehesap.com/ram-fiyatlari/ozellik-4918,6917,12618,63327,64092,70545,70548,70814,72176,74301,74320,76841,80756/","46.1.3.64","1.012","1734901213.398","Mozilla/5.0 (Linux; Android 12; Mi Note 10 Lite Build/SKQ1.210908.001; wv) AppleWebKit/537.36 (KHTML, like Gecko) Version/4.0 Chrome/131.0.6778.200 Mobile Safari/537.36 Instagram 361.0.0.46.88 Android (31/12; 440dpi; 1080x2138; Xiaomi; Mi Note 10 Lite; toco; qcom; tr_TR; 674675147)"
"85.104.201.140","23/Dec/2024:00:00:13 +0300","GET /ajax/hazir-sistem.php?id=49987&hsu= HTTP/1.1","200","11336","https://www.incehesap.com/pharmacy-i5-hazir-sistem-fiyati-49987/","85.104.201.140","0.183","1734901213.413","Mozilla/5.0 (iPhone; CPU iPhone OS 15_8 like Mac OS X) AppleWebKit/605.1.15 (KHTML, like Gecko) GSA/286.0.572986368 Mobile/15E148 Safari/604.1"
"88.230.86.109","23/Dec/2024:00:00:13 +0300","GET /resim/urun/202305/64550f41565547.26710436_eljpgqihofkmn.webp HTTP/1.1","304","0","https://www.incehesap.com/team-t-force-delta-rgb-32gb2x16gb-7800mhz-ddr5-ram-ff4d532g7800hc38ddc01-fiyati-62742/?srsltid=AfmBOorI_aeFka3a4ybmpLu4D_u11qeih9ve6VDVwTjnZAlzOD7AmfuLbTM","88.230.86.109","0.000","1734901213.426","Mozilla/5.0 (Linux; Android 10; K) AppleWebKit/537.36 (KHTML, like Gecko) Chrome/131.0.0.0 Mobile Safari/537.36"
"2a02:e0:ae87:d100:f92d:c356:3e97:41cd","23/Dec/2024:00:00:13 +0300","POST /ajax/urun_log.php HTTP/1.1","200","69","https://www.incehesap.com/asus-dual-rtx4070s-o12g-evo-ekran-karti-fiyati-70320/?utm_source=akakce.com&utm_medium=referral&utm_campaign=vitrin&v=1.82.6","2a02:e0:ae87:d100:f92d:c356:3e97:41cd","0.018","1734901213.427","Mozilla/5.0 (Linux; Android 10; K) AppleWebKit/537.36 (KHTML, like Gecko) Chrome/122.0.0.0 Mobile Safari/537.36"
"88.230.86.109","23/Dec/2024:00:00:13 +0300","GET /resim/urun/202305/64550f413d1eb4.31381894_qkipofglmhjen.webp HTTP/1.1","304","0","https://www.incehesap.com/team-t-force-delta-rgb-32gb2x16gb-7800mhz-ddr5-ram-ff4d532g7800hc38ddc01-fiyati-62742/?srsltid=AfmBOorI_aeFka3a4ybmpLu4D_u11qeih9ve6VDVwTjnZAlzOD7AmfuLbTM","88.230.86.109","0.000","1734901213.449","Mozilla/5.0 (Linux; Android 10; K) AppleWebKit/537.36 (KHTML, like Gecko) Chrome/131.0.0.0 Mobile Safari/537.36"
"88.230.86.109","23/Dec/2024:00:00:13 +0300","GET /resim/urun/202305/64550f40c653d9.59353744_qgnpfihkjleom.webp HTTP/1.1","304","0","https://www.incehesap.com/team-t-force-delta-rgb-32gb2x16gb-7800mhz-ddr5-ram-ff4d532g7800hc38ddc01-fiyati-62742/?srsltid=AfmBOorI_aeFka3a4ybmpLu4D_u11qeih9ve6VDVwTjnZAlzOD7AmfuLbTM","88.230.86.109","0.000","1734901213.470","Mozilla/5.0 (Linux; Android 10; K) AppleWebKit/537.36 (KHTML, like Gecko) Chrome/131.0.0.0 Mobile Safari/537.36"
"2a09:bac5:58a9:d2d::150:65","23/Dec/2024:00:00:13 +0300","GET /resim/urun/201809/5b9784d7a6472.webp HTTP/1.1","304","0","https://www.incehesap.com/james-donkey-712-gaming-kulaklik-fiyati-39980/?utm_source=akakce.com&utm_medium=referral&utm_campaign=vitrin&v=1.83.8","2a09:bac5:58a9:d2d::150:65","0.000","1734901213.496","Mozilla/5.0 (Windows NT 10.0; Win64; x64) AppleWebKit/537.36 (KHTML, like Gecko) Chrome/128.0.0.0 Safari/537.36 OPR/114.0.0.0"
"2a02:ff0:3316:606f:302f:3b7b:ed35:7691","23/Dec/2024:00:00:13 +0300","GET /uye/sepet.php HTTP/1.1","200","27378","https://www.incehesap.com/redragon-k617-fizz-rgb-red-switch-kablolu-klavye-fiyati-67720/","2a02:ff0:3316:606f:302f:3b7b:ed35:7691","0.438","1734901213.663","Mozilla/5.0 (Windows NT 10.0; Win64; x64) AppleWebKit/537.36 (KHTML, like Gecko) Chrome/131.0.0.0 Safari/537.36"
"24.133.113.129","23/Dec/2024:00:00:13 +0300","GET /blog/instagram-gizli-hesap-gorme-2024/?srsltid=AfmBOoq8IhepsU2SoQbZOCLY84wKbLdOBhzY_Ezfo_5nWvwHr60q-Asx HTTP/1.1","200","21895","https://www.google.com/","24.133.113.129","0.237","1734901213.708","Mozilla/5.0 (iPhone; CPU iPhone OS 18_1_1 like Mac OS X) AppleWebKit/605.1.15 (KHTML, like Gecko) CriOS/131.0.6778.154 Mobile/15E148 Safari/604.1"
"31.155.192.83","23/Dec/2024:00:00:13 +0300","GET /resim/urun/202401/65b355c021ef76.60729412_giehlknfqjopm_200.webp HTTP/1.1","304","0","https://www.incehesap.com/ekran-karti-fiyatlari/ozellik-38882/sayfa-4/","31.155.192.83","0.000","1734901213.715","Mozilla/5.0 (Windows NT 10.0; Win64; x64) AppleWebKit/537.36 (KHTML, like Gecko) Chrome/109.0.0.0 Safari/537.36"
"31.155.192.83","23/Dec/2024:00:00:13 +0300","GET /resim/urun/202308/64cce018640245.79224509_hgmlokqepjfni_200.webp HTTP/1.1","304","0","https://www.incehesap.com/ekran-karti-fiyatlari/ozellik-38882/sayfa-4/","31.155.192.83","0.000","1734901213.715","Mozilla/5.0 (Windows NT 10.0; Win64; x64) AppleWebKit/537.36 (KHTML, like Gecko) Chrome/109.0.0.0 Safari/537.36"
"188.132.143.81","23/Dec/2024:00:00:13 +0300","POST /ajax/impressions.php HTTP/1.1","200","47","https://www.incehesap.com/combatry-hazir-sistem-fiyati-62372/?utm_campaign=lutfikaraca&utm_medium=influencer&utm_source=youtube&utm_term=23.01.2024-synthetix-hazir-sistem-","188.132.143.81","0.014","1734901213.720","Mozilla/5.0 (iPhone; CPU iPhone OS 18_0_1 like Mac OS X) AppleWebKit/605.1.15 (KHTML, like Gecko) Version/18.0.1 Mobile/15E148 Safari/604.1"
"78.173.155.101","23/Dec/2024:00:00:13 +0300","POST /ajax/impressions.php HTTP/1.1","200","47","https://www.incehesap.com/hazir-sistemler-fiyatlari/","78.173.155.101","0.018","1734901213.732","Mozilla/5.0 (Linux; Android 10; K) AppleWebKit/537.36 (KHTML, like Gecko) Chrome/131.0.0.0 Mobile Safari/537.36"
"46.2.97.108","23/Dec/2024:00:00:13 +0300","POST /ajax/impressions.php HTTP/1.1","200","47","https://www.incehesap.com/monitor-fiyatlari/ozellik-9112,51046/","46.2.97.108","0.013","1734901213.776","Mozilla/5.0 (iPhone; CPU iPhone OS 18_2 like Mac OS X) AppleWebKit/605.1.15 (KHTML, like Gecko) Version/18.2 Mobile/15E148 Safari/604.1"
"188.119.60.30","23/Dec/2024:00:00:13 +0300","GET /led-tv-fiyatlari/?gad_source=1&gclid=cjwkcaiajp-7bhbzeiwamh9rbrqs0hobzs8kecaqmripypejxozmaf9z6woj2yfugzfnjwlu7odefhoclt0qavd_bwe/ HTTP/1.1","200","47965","https://www.google.com/","188.119.60.30","0.523","1734901213.776","Mozilla/5.0 (X11; Linux x86_64) AppleWebKit/537.36 (KHTML, like Gecko) Chrome/131.0.0.0 Safari/537.36"
"88.230.86.109","23/Dec/2024:00:00:13 +0300","GET /resim/urun/202305/64550f41bd57f6.12980935_gjkhpomqlfeni.webp HTTP/1.1","304","0","https://www.incehesap.com/team-t-force-delta-rgb-32gb2x16gb-7800mhz-ddr5-ram-ff4d532g7800hc38ddc01-fiyati-62742/?srsltid=AfmBOorI_aeFka3a4ybmpLu4D_u11qeih9ve6VDVwTjnZAlzOD7AmfuLbTM","88.230.86.109","0.000","1734901213.818","Mozilla/5.0 (Linux; Android 10; K) AppleWebKit/537.36 (KHTML, like Gecko) Chrome/131.0.0.0 Mobile Safari/537.36"
"95.13.0.172","23/Dec/2024:00:00:13 +0300","POST /ajax/impressions.php HTTP/1.1","200","47","https://www.incehesap.com/gaming-kulaklik-fiyatlari/sayfa-3/","95.13.0.172","0.021","1734901213.908","Mozilla/5.0 (Windows NT 10.0; Win64; x64) AppleWebKit/537.36 (KHTML, like Gecko) Chrome/130.0.0.0 Safari/537.36 OPR/115.0.0.0"
"85.107.28.45","23/Dec/2024:00:00:13 +0300","POST /ajax/impressions.php HTTP/1.1","200","47","https://www.incehesap.com/q/Ana/sayfa-6/","85.107.28.45","0.014","1734901213.937","Mozilla/5.0 (iPhone; CPU iPhone OS 17_6_1 like Mac OS X) AppleWebKit/605.1.15 (KHTML, like Gecko) Version/17.6 Mobile/15E148 Safari/604.1"
"88.230.86.109","23/Dec/2024:00:00:13 +0300","GET /resim/urun/202305/64550f419f5242.61325976_hjkomngqeiplf.webp HTTP/1.1","304","0","https://www.incehesap.com/team-t-force-delta-rgb-32gb2x16gb-7800mhz-ddr5-ram-ff4d532g7800hc38ddc01-fiyati-62742/?srsltid=AfmBOorI_aeFka3a4ybmpLu4D_u11qeih9ve6VDVwTjnZAlzOD7AmfuLbTM","88.230.86.109","0.000","1734901213.959","Mozilla/5.0 (Linux; Android 10; K) AppleWebKit/537.36 (KHTML, like Gecko) Chrome/131.0.0.0 Mobile Safari/537.36"
